phi0,period
4.000000,2.006678
45.000000,2.086256
90.000000,2.367842
135.000000,3.065165
175.000000,5.772784
