phi0, T
4.0,2.006678
45.0,2.086256
90.0,2.367842
135.0,3.065165
175.0,5.772784
